--
-- PostgreSQL database dump
--

-- Dumped from database version 16.1 (Debian 16.1-1.pgdg120+1)
-- Dumped by pg_dump version 16.1 (Debian 16.1-1.pgdg120+1)

SET statement_timeout = 0;
SET lock_timeout = 0;
SET idle_in_transaction_session_timeout = 0;
SET client_encoding = 'UTF8';
SET standard_conforming_strings = on;
SELECT pg_catalog.set_config('search_path', '', false);
SET check_function_bodies = false;
SET xmloption = content;
SET client_min_messages = warning;
SET row_security = off;

SET default_tablespace = '';

SET default_table_access_method = heap;

--
-- Name: auth_group; Type: TABLE; Schema: public; Owner: postgres
--

CREATE TABLE public.auth_group (
    id integer NOT NULL,
    name character varying(150) NOT NULL
);


ALTER TABLE public.auth_group OWNER TO postgres;

--
-- Name: auth_group_id_seq; Type: SEQUENCE; Schema: public; Owner: postgres
--

ALTER TABLE public.auth_group ALTER COLUMN id ADD GENERATED BY DEFAULT AS IDENTITY (
    SEQUENCE NAME public.auth_group_id_seq
    START WITH 1
    INCREMENT BY 1
    NO MINVALUE
    NO MAXVALUE
    CACHE 1
);


--
-- Name: auth_group_permissions; Type: TABLE; Schema: public; Owner: postgres
--

CREATE TABLE public.auth_group_permissions (
    id bigint NOT NULL,
    group_id integer NOT NULL,
    permission_id integer NOT NULL
);


ALTER TABLE public.auth_group_permissions OWNER TO postgres;

--
-- Name: auth_group_permissions_id_seq; Type: SEQUENCE; Schema: public; Owner: postgres
--

ALTER TABLE public.auth_group_permissions ALTER COLUMN id ADD GENERATED BY DEFAULT AS IDENTITY (
    SEQUENCE NAME public.auth_group_permissions_id_seq
    START WITH 1
    INCREMENT BY 1
    NO MINVALUE
    NO MAXVALUE
    CACHE 1
);


--
-- Name: auth_permission; Type: TABLE; Schema: public; Owner: postgres
--

CREATE TABLE public.auth_permission (
    id integer NOT NULL,
    name character varying(255) NOT NULL,
    content_type_id integer NOT NULL,
    codename character varying(100) NOT NULL
);


ALTER TABLE public.auth_permission OWNER TO postgres;

--
-- Name: auth_permission_id_seq; Type: SEQUENCE; Schema: public; Owner: postgres
--

ALTER TABLE public.auth_permission ALTER COLUMN id ADD GENERATED BY DEFAULT AS IDENTITY (
    SEQUENCE NAME public.auth_permission_id_seq
    START WITH 1
    INCREMENT BY 1
    NO MINVALUE
    NO MAXVALUE
    CACHE 1
);


--
-- Name: auth_user; Type: TABLE; Schema: public; Owner: postgres
--

CREATE TABLE public.auth_user (
    id integer NOT NULL,
    password character varying(128) NOT NULL,
    last_login timestamp with time zone,
    is_superuser boolean NOT NULL,
    username character varying(150) NOT NULL,
    first_name character varying(150) NOT NULL,
    last_name character varying(150) NOT NULL,
    email character varying(254) NOT NULL,
    is_staff boolean NOT NULL,
    is_active boolean NOT NULL,
    date_joined timestamp with time zone NOT NULL
);


ALTER TABLE public.auth_user OWNER TO postgres;

--
-- Name: auth_user_groups; Type: TABLE; Schema: public; Owner: postgres
--

CREATE TABLE public.auth_user_groups (
    id bigint NOT NULL,
    user_id integer NOT NULL,
    group_id integer NOT NULL
);


ALTER TABLE public.auth_user_groups OWNER TO postgres;

--
-- Name: auth_user_groups_id_seq; Type: SEQUENCE; Schema: public; Owner: postgres
--

ALTER TABLE public.auth_user_groups ALTER COLUMN id ADD GENERATED BY DEFAULT AS IDENTITY (
    SEQUENCE NAME public.auth_user_groups_id_seq
    START WITH 1
    INCREMENT BY 1
    NO MINVALUE
    NO MAXVALUE
    CACHE 1
);


--
-- Name: auth_user_id_seq; Type: SEQUENCE; Schema: public; Owner: postgres
--

ALTER TABLE public.auth_user ALTER COLUMN id ADD GENERATED BY DEFAULT AS IDENTITY (
    SEQUENCE NAME public.auth_user_id_seq
    START WITH 1
    INCREMENT BY 1
    NO MINVALUE
    NO MAXVALUE
    CACHE 1
);


--
-- Name: auth_user_user_permissions; Type: TABLE; Schema: public; Owner: postgres
--

CREATE TABLE public.auth_user_user_permissions (
    id bigint NOT NULL,
    user_id integer NOT NULL,
    permission_id integer NOT NULL
);


ALTER TABLE public.auth_user_user_permissions OWNER TO postgres;

--
-- Name: auth_user_user_permissions_id_seq; Type: SEQUENCE; Schema: public; Owner: postgres
--

ALTER TABLE public.auth_user_user_permissions ALTER COLUMN id ADD GENERATED BY DEFAULT AS IDENTITY (
    SEQUENCE NAME public.auth_user_user_permissions_id_seq
    START WITH 1
    INCREMENT BY 1
    NO MINVALUE
    NO MAXVALUE
    CACHE 1
);


--
-- Name: django_admin_log; Type: TABLE; Schema: public; Owner: postgres
--

CREATE TABLE public.django_admin_log (
    id integer NOT NULL,
    action_time timestamp with time zone NOT NULL,
    object_id text,
    object_repr character varying(200) NOT NULL,
    action_flag smallint NOT NULL,
    change_message text NOT NULL,
    content_type_id integer,
    user_id integer NOT NULL,
    CONSTRAINT django_admin_log_action_flag_check CHECK ((action_flag >= 0))
);


ALTER TABLE public.django_admin_log OWNER TO postgres;

--
-- Name: django_admin_log_id_seq; Type: SEQUENCE; Schema: public; Owner: postgres
--

ALTER TABLE public.django_admin_log ALTER COLUMN id ADD GENERATED BY DEFAULT AS IDENTITY (
    SEQUENCE NAME public.django_admin_log_id_seq
    START WITH 1
    INCREMENT BY 1
    NO MINVALUE
    NO MAXVALUE
    CACHE 1
);


--
-- Name: django_content_type; Type: TABLE; Schema: public; Owner: postgres
--

CREATE TABLE public.django_content_type (
    id integer NOT NULL,
    app_label character varying(100) NOT NULL,
    model character varying(100) NOT NULL
);


ALTER TABLE public.django_content_type OWNER TO postgres;

--
-- Name: django_content_type_id_seq; Type: SEQUENCE; Schema: public; Owner: postgres
--

ALTER TABLE public.django_content_type ALTER COLUMN id ADD GENERATED BY DEFAULT AS IDENTITY (
    SEQUENCE NAME public.django_content_type_id_seq
    START WITH 1
    INCREMENT BY 1
    NO MINVALUE
    NO MAXVALUE
    CACHE 1
);


--
-- Name: django_migrations; Type: TABLE; Schema: public; Owner: postgres
--

CREATE TABLE public.django_migrations (
    id bigint NOT NULL,
    app character varying(255) NOT NULL,
    name character varying(255) NOT NULL,
    applied timestamp with time zone NOT NULL
);


ALTER TABLE public.django_migrations OWNER TO postgres;

--
-- Name: django_migrations_id_seq; Type: SEQUENCE; Schema: public; Owner: postgres
--

ALTER TABLE public.django_migrations ALTER COLUMN id ADD GENERATED BY DEFAULT AS IDENTITY (
    SEQUENCE NAME public.django_migrations_id_seq
    START WITH 1
    INCREMENT BY 1
    NO MINVALUE
    NO MAXVALUE
    CACHE 1
);


--
-- Name: django_session; Type: TABLE; Schema: public; Owner: postgres
--

CREATE TABLE public.django_session (
    session_key character varying(40) NOT NULL,
    session_data text NOT NULL,
    expire_date timestamp with time zone NOT NULL
);


ALTER TABLE public.django_session OWNER TO postgres;

--
-- Name: resume_education; Type: TABLE; Schema: public; Owner: postgres
--

CREATE TABLE public.resume_education (
    id bigint NOT NULL,
    degree character varying(200) NOT NULL,
    institution character varying(200) NOT NULL,
    field_of_study character varying(200) NOT NULL,
    start_year integer NOT NULL,
    end_year integer NOT NULL,
    created_at timestamp with time zone NOT NULL,
    CONSTRAINT resume_education_end_year_check CHECK ((end_year >= 0)),
    CONSTRAINT resume_education_start_year_check CHECK ((start_year >= 0))
);


ALTER TABLE public.resume_education OWNER TO postgres;

--
-- Name: resume_education_id_seq; Type: SEQUENCE; Schema: public; Owner: postgres
--

ALTER TABLE public.resume_education ALTER COLUMN id ADD GENERATED BY DEFAULT AS IDENTITY (
    SEQUENCE NAME public.resume_education_id_seq
    START WITH 1
    INCREMENT BY 1
    NO MINVALUE
    NO MAXVALUE
    CACHE 1
);


--
-- Name: resume_experience; Type: TABLE; Schema: public; Owner: postgres
--

CREATE TABLE public.resume_experience (
    id bigint NOT NULL,
    title character varying(200) NOT NULL,
    company character varying(200) NOT NULL,
    start_date date NOT NULL,
    end_date date,
    is_current boolean NOT NULL,
    achievements text[] NOT NULL,
    "order" integer NOT NULL,
    created_at timestamp with time zone NOT NULL,
    CONSTRAINT resume_experience_order_check CHECK (("order" >= 0))
);


ALTER TABLE public.resume_experience OWNER TO postgres;

--
-- Name: resume_experience_id_seq; Type: SEQUENCE; Schema: public; Owner: postgres
--

ALTER TABLE public.resume_experience ALTER COLUMN id ADD GENERATED BY DEFAULT AS IDENTITY (
    SEQUENCE NAME public.resume_experience_id_seq
    START WITH 1
    INCREMENT BY 1
    NO MINVALUE
    NO MAXVALUE
    CACHE 1
);


--
-- Name: resume_language; Type: TABLE; Schema: public; Owner: postgres
--

CREATE TABLE public.resume_language (
    id bigint NOT NULL,
    name character varying(100) NOT NULL,
    proficiency character varying(20) NOT NULL,
    created_at timestamp with time zone NOT NULL
);


ALTER TABLE public.resume_language OWNER TO postgres;

--
-- Name: resume_language_id_seq; Type: SEQUENCE; Schema: public; Owner: postgres
--

ALTER TABLE public.resume_language ALTER COLUMN id ADD GENERATED BY DEFAULT AS IDENTITY (
    SEQUENCE NAME public.resume_language_id_seq
    START WITH 1
    INCREMENT BY 1
    NO MINVALUE
    NO MAXVALUE
    CACHE 1
);


--
-- Name: resume_personalinfo; Type: TABLE; Schema: public; Owner: postgres
--

CREATE TABLE public.resume_personalinfo (
    id bigint NOT NULL,
    name character varying(100) NOT NULL,
    title character varying(200) NOT NULL,
    description text NOT NULL,
    email character varying(254) NOT NULL,
    github_url character varying(200),
    linkedin_url character varying(200),
    created_at timestamp with time zone NOT NULL,
    updated_at timestamp with time zone NOT NULL
);


ALTER TABLE public.resume_personalinfo OWNER TO postgres;

--
-- Name: resume_personalinfo_id_seq; Type: SEQUENCE; Schema: public; Owner: postgres
--

ALTER TABLE public.resume_personalinfo ALTER COLUMN id ADD GENERATED BY DEFAULT AS IDENTITY (
    SEQUENCE NAME public.resume_personalinfo_id_seq
    START WITH 1
    INCREMENT BY 1
    NO MINVALUE
    NO MAXVALUE
    CACHE 1
);


--
-- Name: resume_project; Type: TABLE; Schema: public; Owner: postgres
--

CREATE TABLE public.resume_project (
    id bigint NOT NULL,
    name character varying(200) NOT NULL,
    description text NOT NULL,
    url character varying(200),
    github_url character varying(200),
    tags character varying(50)[] NOT NULL,
    featured boolean NOT NULL,
    "order" integer NOT NULL,
    created_at timestamp with time zone NOT NULL,
    CONSTRAINT resume_project_order_check CHECK (("order" >= 0))
);


ALTER TABLE public.resume_project OWNER TO postgres;

--
-- Name: resume_project_id_seq; Type: SEQUENCE; Schema: public; Owner: postgres
--

ALTER TABLE public.resume_project ALTER COLUMN id ADD GENERATED BY DEFAULT AS IDENTITY (
    SEQUENCE NAME public.resume_project_id_seq
    START WITH 1
    INCREMENT BY 1
    NO MINVALUE
    NO MAXVALUE
    CACHE 1
);


--
-- Name: resume_skill; Type: TABLE; Schema: public; Owner: postgres
--

CREATE TABLE public.resume_skill (
    id bigint NOT NULL,
    name character varying(100) NOT NULL,
    years_experience integer NOT NULL,
    proficiency_level integer NOT NULL,
    category character varying(20) NOT NULL,
    created_at timestamp with time zone NOT NULL,
    CONSTRAINT resume_skill_proficiency_level_check CHECK ((proficiency_level >= 0)),
    CONSTRAINT resume_skill_years_experience_check CHECK ((years_experience >= 0))
);


ALTER TABLE public.resume_skill OWNER TO postgres;

--
-- Name: resume_skill_id_seq; Type: SEQUENCE; Schema: public; Owner: postgres
--

ALTER TABLE public.resume_skill ALTER COLUMN id ADD GENERATED BY DEFAULT AS IDENTITY (
    SEQUENCE NAME public.resume_skill_id_seq
    START WITH 1
    INCREMENT BY 1
    NO MINVALUE
    NO MAXVALUE
    CACHE 1
);


--
-- Name: resume_testimonial; Type: TABLE; Schema: public; Owner: postgres
--

CREATE TABLE public.resume_testimonial (
    id bigint NOT NULL,
    quote text NOT NULL,
    author_name character varying(100) NOT NULL,
    author_title character varying(200) NOT NULL,
    author_company character varying(200) NOT NULL,
    date date NOT NULL,
    "order" integer NOT NULL,
    created_at timestamp with time zone NOT NULL,
    CONSTRAINT resume_testimonial_order_check CHECK (("order" >= 0))
);


ALTER TABLE public.resume_testimonial OWNER TO postgres;

--
-- Name: resume_testimonial_id_seq; Type: SEQUENCE; Schema: public; Owner: postgres
--

ALTER TABLE public.resume_testimonial ALTER COLUMN id ADD GENERATED BY DEFAULT AS IDENTITY (
    SEQUENCE NAME public.resume_testimonial_id_seq
    START WITH 1
    INCREMENT BY 1
    NO MINVALUE
    NO MAXVALUE
    CACHE 1
);


--
-- Name: resume_valueproposition; Type: TABLE; Schema: public; Owner: postgres
--

CREATE TABLE public.resume_valueproposition (
    id bigint NOT NULL,
    role_type character varying(100) NOT NULL,
    title character varying(200) NOT NULL,
    description text NOT NULL,
    "order" integer NOT NULL,
    created_at timestamp with time zone NOT NULL,
    CONSTRAINT resume_valueproposition_order_check CHECK (("order" >= 0))
);


ALTER TABLE public.resume_valueproposition OWNER TO postgres;

--
-- Name: resume_valueproposition_id_seq; Type: SEQUENCE; Schema: public; Owner: postgres
--

ALTER TABLE public.resume_valueproposition ALTER COLUMN id ADD GENERATED BY DEFAULT AS IDENTITY (
    SEQUENCE NAME public.resume_valueproposition_id_seq
    START WITH 1
    INCREMENT BY 1
    NO MINVALUE
    NO MAXVALUE
    CACHE 1
);


--
-- Data for Name: auth_group; Type: TABLE DATA; Schema: public; Owner: postgres
--

COPY public.auth_group (id, name) FROM stdin;
\.


--
-- Data for Name: auth_group_permissions; Type: TABLE DATA; Schema: public; Owner: postgres
--

COPY public.auth_group_permissions (id, group_id, permission_id) FROM stdin;
\.


--
-- Data for Name: auth_permission; Type: TABLE DATA; Schema: public; Owner: postgres
--

COPY public.auth_permission (id, name, content_type_id, codename) FROM stdin;
1	Can add log entry	1	add_logentry
2	Can change log entry	1	change_logentry
3	Can delete log entry	1	delete_logentry
4	Can view log entry	1	view_logentry
5	Can add permission	2	add_permission
6	Can change permission	2	change_permission
7	Can delete permission	2	delete_permission
8	Can view permission	2	view_permission
9	Can add group	3	add_group
10	Can change group	3	change_group
11	Can delete group	3	delete_group
12	Can view group	3	view_group
13	Can add user	4	add_user
14	Can change user	4	change_user
15	Can delete user	4	delete_user
16	Can view user	4	view_user
17	Can add content type	5	add_contenttype
18	Can change content type	5	change_contenttype
19	Can delete content type	5	delete_contenttype
20	Can view content type	5	view_contenttype
21	Can add session	6	add_session
22	Can change session	6	change_session
23	Can delete session	6	delete_session
24	Can view session	6	view_session
25	Can add education	7	add_education
26	Can change education	7	change_education
27	Can delete education	7	delete_education
28	Can view education	7	view_education
29	Can add experience	8	add_experience
30	Can change experience	8	change_experience
31	Can delete experience	8	delete_experience
32	Can view experience	8	view_experience
33	Can add language	9	add_language
34	Can change language	9	change_language
35	Can delete language	9	delete_language
36	Can view language	9	view_language
37	Can add personal info	10	add_personalinfo
38	Can change personal info	10	change_personalinfo
39	Can delete personal info	10	delete_personalinfo
40	Can view personal info	10	view_personalinfo
41	Can add project	11	add_project
42	Can change project	11	change_project
43	Can delete project	11	delete_project
44	Can view project	11	view_project
45	Can add skill	12	add_skill
46	Can change skill	12	change_skill
47	Can delete skill	12	delete_skill
48	Can view skill	12	view_skill
49	Can add value proposition	13	add_valueproposition
50	Can change value proposition	13	change_valueproposition
51	Can delete value proposition	13	delete_valueproposition
52	Can view value proposition	13	view_valueproposition
53	Can add testimonial	14	add_testimonial
54	Can change testimonial	14	change_testimonial
55	Can delete testimonial	14	delete_testimonial
56	Can view testimonial	14	view_testimonial
\.


--
-- Data for Name: auth_user; Type: TABLE DATA; Schema: public; Owner: postgres
--

COPY public.auth_user (id, password, last_login, is_superuser, username, first_name, last_name, email, is_staff, is_active, date_joined) FROM stdin;
1	pbkdf2_sha256$600000$6Arag9qZ5NUkScpS8FVtB3$8jaRSnxnpTiV8jR4alAQyK9swanUtFWuYWJA4E2My/w=	2025-08-22 15:44:27+00	t	ali	Ali	Mohammadnia	callmeali@duck.com	t	t	2025-08-22 15:43:47+00
\.


--
-- Data for Name: auth_user_groups; Type: TABLE DATA; Schema: public; Owner: postgres
--

COPY public.auth_user_groups (id, user_id, group_id) FROM stdin;
\.


--
-- Data for Name: auth_user_user_permissions; Type: TABLE DATA; Schema: public; Owner: postgres
--

COPY public.auth_user_user_permissions (id, user_id, permission_id) FROM stdin;
\.


--
-- Data for Name: django_admin_log; Type: TABLE DATA; Schema: public; Owner: postgres
--

COPY public.django_admin_log (id, action_time, object_id, object_repr, action_flag, change_message, content_type_id, user_id) FROM stdin;
1	2025-08-22 15:45:09.951445+00	1	ali	2	[{"changed": {"fields": ["First name", "Last name"]}}]	4	1
2	2025-08-22 15:47:21.381357+00	1	Ali Mohammadnia	1	[{"added": {}}]	10	1
3	2025-08-22 15:50:05.308334+00	1	Software Engineer | DevOps at Raydad	1	[{"added": {}}]	8	1
4	2025-08-22 15:51:42.687529+00	2	Remote Backend Developer at Lexico Novin System	1	[{"added": {}}]	8	1
5	2025-08-22 15:51:55.270009+00	2	Remote Backend Developer at Lexico Novin System	2	[{"changed": {"fields": ["Order"]}}]	8	1
6	2025-08-22 15:53:34.947195+00	3	Junior Developer at Makeen Academy	1	[{"added": {}}]	8	1
7	2025-08-22 15:54:20.929767+00	1	English (professional)	1	[{"added": {}}]	9	1
8	2025-08-22 15:54:32.404541+00	2	Russian (basic)	1	[{"added": {}}]	9	1
9	2025-08-22 15:54:41.234363+00	3	Persian (native)	1	[{"added": {}}]	9	1
10	2025-08-22 15:55:27.681005+00	1	Python Certificate from Tehran University	1	[{"added": {}}]	7	1
11	2025-08-22 15:55:52.639737+00	2	Python Programming Certificates from SoloLearn	1	[{"added": {}}]	7	1
12	2025-08-22 15:57:10.007037+00	1	Python	1	[{"added": {}}]	12	1
13	2025-08-22 15:57:37.992763+00	2	JavaScript	1	[{"added": {}}]	12	1
14	2025-08-22 15:57:51.769779+00	3	Kotlin	1	[{"added": {}}]	12	1
15	2025-08-22 16:07:20.090528+00	4	Django	1	[{"added": {}}]	12	1
16	2025-08-22 16:07:43.581309+00	5	Django REST Framework	1	[{"added": {}}]	12	1
17	2025-08-22 16:08:00.488712+00	6	FastAPI	1	[{"added": {}}]	12	1
18	2025-08-22 16:08:15.658813+00	7	Ktor	1	[{"added": {}}]	12	1
19	2025-08-22 16:08:42.182335+00	8	PostgreSQL	1	[{"added": {}}]	12	1
20	2025-08-22 16:08:56.096221+00	9	MongoDB	1	[{"added": {}}]	12	1
21	2025-08-22 16:09:09.375704+00	10	Redis	1	[{"added": {}}]	12	1
22	2025-08-22 16:09:29.617376+00	11	MS SQL Server	1	[{"added": {}}]	12	1
23	2025-08-22 16:11:13.136941+00	12	Docker	1	[{"added": {}}]	12	1
24	2025-08-22 16:11:50.123727+00	13	Prometheus	1	[{"added": {}}]	12	1
25	2025-08-22 16:12:03.90536+00	13	Prometheus | Graffana	2	[{"changed": {"fields": ["Name"]}}]	12	1
26	2025-08-22 16:13:54.357487+00	1	Real-Time Online Chat Application	1	[{"added": {}}]	11	1
27	2025-08-22 16:14:52.876073+00	1	Real-Time Online Chat Application	2	[{"changed": {"fields": ["Tags"]}}]	11	1
28	2025-08-22 16:16:28.248295+00	1	Backend Engineer	1	[{"added": {}}]	13	1
29	2025-08-22 16:16:50.491714+00	2	DevOps Specialist	1	[{"added": {}}]	13	1
30	2025-08-22 16:17:10.309988+00	3	Full-Stack Developer	1	[{"added": {}}]	13	1
31	2025-08-22 16:18:25.726137+00	1	Testimonial by Dr. Sarah Chen	1	[{"added": {}}]	14	1
\.


--
-- Data for Name: django_content_type; Type: TABLE DATA; Schema: public; Owner: postgres
--

COPY public.django_content_type (id, app_label, model) FROM stdin;
1	admin	logentry
2	auth	permission
3	auth	group
4	auth	user
5	contenttypes	contenttype
6	sessions	session
7	resume	education
8	resume	experience
9	resume	language
10	resume	personalinfo
11	resume	project
12	resume	skill
13	resume	valueproposition
14	resume	testimonial
\.


--
-- Data for Name: django_migrations; Type: TABLE DATA; Schema: public; Owner: postgres
--

COPY public.django_migrations (id, app, name, applied) FROM stdin;
1	contenttypes	0001_initial	2025-08-22 15:33:05.714234+00
2	auth	0001_initial	2025-08-22 15:33:06.289196+00
3	admin	0001_initial	2025-08-22 15:33:06.455663+00
4	admin	0002_logentry_remove_auto_add	2025-08-22 15:33:06.474253+00
5	admin	0003_logentry_add_action_flag_choices	2025-08-22 15:33:06.492004+00
6	contenttypes	0002_remove_content_type_name	2025-08-22 15:33:06.516835+00
7	auth	0002_alter_permission_name_max_length	2025-08-22 15:33:06.535176+00
8	auth	0003_alter_user_email_max_length	2025-08-22 15:33:06.608989+00
9	auth	0004_alter_user_username_opts	2025-08-22 15:33:06.628019+00
10	auth	0005_alter_user_last_login_null	2025-08-22 15:33:06.698586+00
11	auth	0006_require_contenttypes_0002	2025-08-22 15:33:06.710817+00
12	auth	0007_alter_validators_add_error_messages	2025-08-22 15:33:06.780877+00
13	auth	0008_alter_user_username_max_length	2025-08-22 15:33:06.810763+00
14	auth	0009_alter_user_last_name_max_length	2025-08-22 15:33:06.866845+00
15	auth	0010_alter_group_name_max_length	2025-08-22 15:33:06.885521+00
16	auth	0011_update_proxy_permissions	2025-08-22 15:33:06.952334+00
17	auth	0012_alter_user_first_name_max_length	2025-08-22 15:33:06.972388+00
18	resume	0001_initial	2025-08-22 15:33:07.957412+00
19	sessions	0001_initial	2025-08-22 15:33:08.420579+00
20	resume	0002_testimonial	2025-08-22 15:41:03.194531+00
\.


--
-- Data for Name: django_session; Type: TABLE DATA; Schema: public; Owner: postgres
--

COPY public.django_session (session_key, session_data, expire_date) FROM stdin;
p3cxqjtk2xr5m0tywp4m5a7jq7bdbq2a	.eJxVjDEOgzAMAP_iuYpwmhBg7M4bkB07hbZKJAJT1b9XSAztene6N0y0b_O0V12nRWAAhMsvY4pPzYeQB-V7MbHkbV3YHIk5bTVjEX3dzvZvMFOdYQCvznJwTImYEJX7jh1ZSeopEKMkbcQ617aIaLWNpME3vrFJeuquCp8vE6A40w:1upTwJ:ia0BbvuTLY7iL3yAuQJv7MvMYz-jY5Us14H2A_v4cWo	2025-09-05 15:44:27.616753+00
\.


--
-- Data for Name: resume_education; Type: TABLE DATA; Schema: public; Owner: postgres
--

COPY public.resume_education (id, degree, institution, field_of_study, start_year, end_year, created_at) FROM stdin;
1	Python Certificate	Tehran University	Python Programming	2023	2023	2025-08-22 15:55:27.678803+00
2	Python Programming Certificates	SoloLearn	Beginner, Intermediate, Core Python	2022	2023	2025-08-22 15:55:52.63732+00
\.


--
-- Data for Name: resume_experience; Type: TABLE DATA; Schema: public; Owner: postgres
--

COPY public.resume_experience (id, title, company, start_date, end_date, is_current, achievements, "order", created_at) FROM stdin;
1	Software Engineer | DevOps	Raydad	2023-08-06	2024-08-22	f	{"Designed and managed a master-slave PostgreSQL architecture","enhancing database performance by 20%  Planned secure user authentication using JWT and SSO solutions by FastAPI","including OTP verification via Redis","resulting in a 30% reduction in security incidents  Leveraged Redis",RabbitMQ,"and Celery to handle tasks and uploads","reducing system response times by 25%  Established CI/CD pipelines using GitHub Actions and Docker Compose","improving deployment efficiency by 40%  Set up Prometheus and Grafana for comprehensive monitoring and implemented request tracing with Jaeger","boosting system reliability  Configured Metabase for data analysis and reporting from PostgreSQL and MS-SQL databases","providing actionable insights to stakeholders  Worked on projects: Hamresan",Hamresan_khadamat,Payeshino,etozie}	0	2025-08-22 15:50:05.306228+00
2	Remote Backend Developer	Lexico Novin System	2024-05-13	2024-09-01	f	{"Developed English Learning Application with focus on backend architecture  Implemented OAuth 2.0 login via Google Cloud Console","increasing application security  Integrated MINIO for multimedia file storage","optimizing the retrieval speed of media assets  Supported multilingual user experience by customizing API responses and error messages"}	1	2025-08-22 15:51:42.686197+00
3	Junior Developer	Makeen Academy	2023-08-07	2024-05-07	f	{"Gained foundational experience in software development  Participated in collaborative development projects  Enhanced programming skills through practical application"}	0	2025-08-22 15:53:34.945402+00
\.


--
-- Data for Name: resume_language; Type: TABLE DATA; Schema: public; Owner: postgres
--

COPY public.resume_language (id, name, proficiency, created_at) FROM stdin;
1	English	professional	2025-08-22 15:54:20.928147+00
2	Russian	basic	2025-08-22 15:54:32.403599+00
3	Persian	native	2025-08-22 15:54:41.233999+00
\.


--
-- Data for Name: resume_personalinfo; Type: TABLE DATA; Schema: public; Owner: postgres
--

COPY public.resume_personalinfo (id, name, title, description, email, github_url, linkedin_url, created_at, updated_at) FROM stdin;
1	Ali Mohammadnia	Back-end Engineer | DevOps	Eager Software Engineer Candidate with 4 years of programming experience. Possesses a passion for learning new technologies and a strong foundation in coding principles. Driven to contribute to challenging projects and collaborate effectively within a team.	callmeali@duck.com	https://github.com/PsymoNiko	\N	2025-08-22 15:47:21.379753+00	2025-08-22 15:47:21.379763+00
\.


--
-- Data for Name: resume_project; Type: TABLE DATA; Schema: public; Owner: postgres
--

COPY public.resume_project (id, name, description, url, github_url, tags, featured, "order", created_at) FROM stdin;
1	Real-Time Online Chat Application	Developed a real-time online chat application using Django Channels and WebSockets with automated testing using Selenium.	https://github.com/PsymoNiko/ChatOnPayment	https://github.com/PsymoNiko/ChatOnPayment	{Django}	f	0	2025-08-22 16:13:54.354875+00
\.


--
-- Data for Name: resume_skill; Type: TABLE DATA; Schema: public; Owner: postgres
--

COPY public.resume_skill (id, name, years_experience, proficiency_level, category, created_at) FROM stdin;
1	Python	6	8	programming	2025-08-22 15:57:10.00508+00
2	JavaScript	2	4	programming	2025-08-22 15:57:37.991411+00
3	Kotlin	1	2	programming	2025-08-22 15:57:51.767778+00
4	Django	5	8	framework	2025-08-22 16:07:20.089104+00
5	Django REST Framework	5	9	framework	2025-08-22 16:07:43.58001+00
6	FastAPI	3	6	framework	2025-08-22 16:08:00.486462+00
7	Ktor	1	2	framework	2025-08-22 16:08:15.657638+00
8	PostgreSQL	3	5	database	2025-08-22 16:08:42.180203+00
9	MongoDB	3	4	database	2025-08-22 16:08:56.095007+00
10	Redis	5	7	database	2025-08-22 16:09:09.374456+00
11	MS SQL Server	1	2	database	2025-08-22 16:09:29.615171+00
12	Docker	4	8	tool	2025-08-22 16:11:13.135035+00
13	Prometheus | Graffana	1	1	tool	2025-08-22 16:11:50.122078+00
\.


--
-- Data for Name: resume_testimonial; Type: TABLE DATA; Schema: public; Owner: postgres
--

COPY public.resume_testimonial (id, quote, author_name, author_title, author_company, date, "order", created_at) FROM stdin;
1	"Ali is an exceptional backend engineer. His deep understanding of system architecture and his ability to implement scalable solutions have been invaluable to our team. He consistently delivers high-quality code and is a pleasure to work with."	Dr. Sarah Chen	Lead Architect	Tech Innovations Inc.	2024-08-22	0	2025-08-22 16:18:25.723888+00
\.


--
-- Data for Name: resume_valueproposition; Type: TABLE DATA; Schema: public; Owner: postgres
--

COPY public.resume_valueproposition (id, role_type, title, description, "order", created_at) FROM stdin;
1	Backend Engineer	Backend Engineer	As a Backend Engineer, I bring 4 years of hands-on experience in Python development with Django and FastAPI. I've successfully designed master-slave PostgreSQL architectures, implemented secure JWT authentication systems, and built scalable applications handling real-time communications. My expertise in asynchronous task management with Redis, RabbitMQ, and Celery has consistently reduced system response times by 25%.	0	2025-08-22 16:16:28.247257+00
2	DevOps Specialist	DevOps Specialist	As a DevOps Specialist, I have proven experience in establishing CI/CD pipelines using GitHub Actions and Docker Compose, improving deployment efficiency by 40%. I've set up comprehensive monitoring solutions with Prometheus and Grafana, implemented request tracing with Jaeger, and managed containerized applications. My focus is on automation, reliability, and creating robust deployment workflows.	0	2025-08-22 16:16:50.490637+00
3	Full-Stack Developer	Full-Stack Developer	As a Full-Stack Developer, I combine strong backend expertise with frontend capabilities. I've built real-time chat applications using WebSockets, integrated OAuth 2.0 authentication, and created multilingual user experiences. My experience spans from database design to user interface implementation, with a focus on creating seamless, secure, and performant applications.	0	2025-08-22 16:17:10.308865+00
\.


--
-- Name: auth_group_id_seq; Type: SEQUENCE SET; Schema: public; Owner: postgres
--

SELECT pg_catalog.setval('public.auth_group_id_seq', 1, false);


--
-- Name: auth_group_permissions_id_seq; Type: SEQUENCE SET; Schema: public; Owner: postgres
--

SELECT pg_catalog.setval('public.auth_group_permissions_id_seq', 1, false);


--
-- Name: auth_permission_id_seq; Type: SEQUENCE SET; Schema: public; Owner: postgres
--

SELECT pg_catalog.setval('public.auth_permission_id_seq', 56, true);


--
-- Name: auth_user_groups_id_seq; Type: SEQUENCE SET; Schema: public; Owner: postgres
--

SELECT pg_catalog.setval('public.auth_user_groups_id_seq', 1, false);


--
-- Name: auth_user_id_seq; Type: SEQUENCE SET; Schema: public; Owner: postgres
--

SELECT pg_catalog.setval('public.auth_user_id_seq', 1, true);


--
-- Name: auth_user_user_permissions_id_seq; Type: SEQUENCE SET; Schema: public; Owner: postgres
--

SELECT pg_catalog.setval('public.auth_user_user_permissions_id_seq', 1, false);


--
-- Name: django_admin_log_id_seq; Type: SEQUENCE SET; Schema: public; Owner: postgres
--

SELECT pg_catalog.setval('public.django_admin_log_id_seq', 31, true);


--
-- Name: django_content_type_id_seq; Type: SEQUENCE SET; Schema: public; Owner: postgres
--

SELECT pg_catalog.setval('public.django_content_type_id_seq', 14, true);


--
-- Name: django_migrations_id_seq; Type: SEQUENCE SET; Schema: public; Owner: postgres
--

SELECT pg_catalog.setval('public.django_migrations_id_seq', 20, true);


--
-- Name: resume_education_id_seq; Type: SEQUENCE SET; Schema: public; Owner: postgres
--

SELECT pg_catalog.setval('public.resume_education_id_seq', 2, true);


--
-- Name: resume_experience_id_seq; Type: SEQUENCE SET; Schema: public; Owner: postgres
--

SELECT pg_catalog.setval('public.resume_experience_id_seq', 3, true);


--
-- Name: resume_language_id_seq; Type: SEQUENCE SET; Schema: public; Owner: postgres
--

SELECT pg_catalog.setval('public.resume_language_id_seq', 3, true);


--
-- Name: resume_personalinfo_id_seq; Type: SEQUENCE SET; Schema: public; Owner: postgres
--

SELECT pg_catalog.setval('public.resume_personalinfo_id_seq', 1, true);


--
-- Name: resume_project_id_seq; Type: SEQUENCE SET; Schema: public; Owner: postgres
--

SELECT pg_catalog.setval('public.resume_project_id_seq', 1, true);


--
-- Name: resume_skill_id_seq; Type: SEQUENCE SET; Schema: public; Owner: postgres
--

SELECT pg_catalog.setval('public.resume_skill_id_seq', 13, true);


--
-- Name: resume_testimonial_id_seq; Type: SEQUENCE SET; Schema: public; Owner: postgres
--

SELECT pg_catalog.setval('public.resume_testimonial_id_seq', 1, true);


--
-- Name: resume_valueproposition_id_seq; Type: SEQUENCE SET; Schema: public; Owner: postgres
--

SELECT pg_catalog.setval('public.resume_valueproposition_id_seq', 3, true);


--
-- Name: auth_group auth_group_name_key; Type: CONSTRAINT; Schema: public; Owner: postgres
--

ALTER TABLE ONLY public.auth_group
    ADD CONSTRAINT auth_group_name_key UNIQUE (name);


--
-- Name: auth_group_permissions auth_group_permissions_group_id_permission_id_0cd325b0_uniq; Type: CONSTRAINT; Schema: public; Owner: postgres
--

ALTER TABLE ONLY public.auth_group_permissions
    ADD CONSTRAINT auth_group_permissions_group_id_permission_id_0cd325b0_uniq UNIQUE (group_id, permission_id);


--
-- Name: auth_group_permissions auth_group_permissions_pkey; Type: CONSTRAINT; Schema: public; Owner: postgres
--

ALTER TABLE ONLY public.auth_group_permissions
    ADD CONSTRAINT auth_group_permissions_pkey PRIMARY KEY (id);


--
-- Name: auth_group auth_group_pkey; Type: CONSTRAINT; Schema: public; Owner: postgres
--

ALTER TABLE ONLY public.auth_group
    ADD CONSTRAINT auth_group_pkey PRIMARY KEY (id);


--
-- Name: auth_permission auth_permission_content_type_id_codename_01ab375a_uniq; Type: CONSTRAINT; Schema: public; Owner: postgres
--

ALTER TABLE ONLY public.auth_permission
    ADD CONSTRAINT auth_permission_content_type_id_codename_01ab375a_uniq UNIQUE (content_type_id, codename);


--
-- Name: auth_permission auth_permission_pkey; Type: CONSTRAINT; Schema: public; Owner: postgres
--

ALTER TABLE ONLY public.auth_permission
    ADD CONSTRAINT auth_permission_pkey PRIMARY KEY (id);


--
-- Name: auth_user_groups auth_user_groups_pkey; Type: CONSTRAINT; Schema: public; Owner: postgres
--

ALTER TABLE ONLY public.auth_user_groups
    ADD CONSTRAINT auth_user_groups_pkey PRIMARY KEY (id);


--
-- Name: auth_user_groups auth_user_groups_user_id_group_id_94350c0c_uniq; Type: CONSTRAINT; Schema: public; Owner: postgres
--

ALTER TABLE ONLY public.auth_user_groups
    ADD CONSTRAINT auth_user_groups_user_id_group_id_94350c0c_uniq UNIQUE (user_id, group_id);


--
-- Name: auth_user auth_user_pkey; Type: CONSTRAINT; Schema: public; Owner: postgres
--

ALTER TABLE ONLY public.auth_user
    ADD CONSTRAINT auth_user_pkey PRIMARY KEY (id);


--
-- Name: auth_user_user_permissions auth_user_user_permissions_pkey; Type: CONSTRAINT; Schema: public; Owner: postgres
--

ALTER TABLE ONLY public.auth_user_user_permissions
    ADD CONSTRAINT auth_user_user_permissions_pkey PRIMARY KEY (id);


--
-- Name: auth_user_user_permissions auth_user_user_permissions_user_id_permission_id_14a6b632_uniq; Type: CONSTRAINT; Schema: public; Owner: postgres
--

ALTER TABLE ONLY public.auth_user_user_permissions
    ADD CONSTRAINT auth_user_user_permissions_user_id_permission_id_14a6b632_uniq UNIQUE (user_id, permission_id);


--
-- Name: auth_user auth_user_username_key; Type: CONSTRAINT; Schema: public; Owner: postgres
--

ALTER TABLE ONLY public.auth_user
    ADD CONSTRAINT auth_user_username_key UNIQUE (username);


--
-- Name: django_admin_log django_admin_log_pkey; Type: CONSTRAINT; Schema: public; Owner: postgres
--

ALTER TABLE ONLY public.django_admin_log
    ADD CONSTRAINT django_admin_log_pkey PRIMARY KEY (id);


--
-- Name: django_content_type django_content_type_app_label_model_76bd3d3b_uniq; Type: CONSTRAINT; Schema: public; Owner: postgres
--

ALTER TABLE ONLY public.django_content_type
    ADD CONSTRAINT django_content_type_app_label_model_76bd3d3b_uniq UNIQUE (app_label, model);


--
-- Name: django_content_type django_content_type_pkey; Type: CONSTRAINT; Schema: public; Owner: postgres
--

ALTER TABLE ONLY public.django_content_type
    ADD CONSTRAINT django_content_type_pkey PRIMARY KEY (id);


--
-- Name: django_migrations django_migrations_pkey; Type: CONSTRAINT; Schema: public; Owner: postgres
--

ALTER TABLE ONLY public.django_migrations
    ADD CONSTRAINT django_migrations_pkey PRIMARY KEY (id);


--
-- Name: django_session django_session_pkey; Type: CONSTRAINT; Schema: public; Owner: postgres
--

ALTER TABLE ONLY public.django_session
    ADD CONSTRAINT django_session_pkey PRIMARY KEY (session_key);


--
-- Name: resume_education resume_education_pkey; Type: CONSTRAINT; Schema: public; Owner: postgres
--

ALTER TABLE ONLY public.resume_education
    ADD CONSTRAINT resume_education_pkey PRIMARY KEY (id);


--
-- Name: resume_experience resume_experience_pkey; Type: CONSTRAINT; Schema: public; Owner: postgres
--

ALTER TABLE ONLY public.resume_experience
    ADD CONSTRAINT resume_experience_pkey PRIMARY KEY (id);


--
-- Name: resume_language resume_language_pkey; Type: CONSTRAINT; Schema: public; Owner: postgres
--

ALTER TABLE ONLY public.resume_language
    ADD CONSTRAINT resume_language_pkey PRIMARY KEY (id);


--
-- Name: resume_personalinfo resume_personalinfo_pkey; Type: CONSTRAINT; Schema: public; Owner: postgres
--

ALTER TABLE ONLY public.resume_personalinfo
    ADD CONSTRAINT resume_personalinfo_pkey PRIMARY KEY (id);


--
-- Name: resume_project resume_project_pkey; Type: CONSTRAINT; Schema: public; Owner: postgres
--

ALTER TABLE ONLY public.resume_project
    ADD CONSTRAINT resume_project_pkey PRIMARY KEY (id);


--
-- Name: resume_skill resume_skill_pkey; Type: CONSTRAINT; Schema: public; Owner: postgres
--

ALTER TABLE ONLY public.resume_skill
    ADD CONSTRAINT resume_skill_pkey PRIMARY KEY (id);


--
-- Name: resume_testimonial resume_testimonial_pkey; Type: CONSTRAINT; Schema: public; Owner: postgres
--

ALTER TABLE ONLY public.resume_testimonial
    ADD CONSTRAINT resume_testimonial_pkey PRIMARY KEY (id);


--
-- Name: resume_valueproposition resume_valueproposition_pkey; Type: CONSTRAINT; Schema: public; Owner: postgres
--

ALTER TABLE ONLY public.resume_valueproposition
    ADD CONSTRAINT resume_valueproposition_pkey PRIMARY KEY (id);


--
-- Name: resume_valueproposition resume_valueproposition_role_type_key; Type: CONSTRAINT; Schema: public; Owner: postgres
--

ALTER TABLE ONLY public.resume_valueproposition
    ADD CONSTRAINT resume_valueproposition_role_type_key UNIQUE (role_type);


--
-- Name: auth_group_name_a6ea08ec_like; Type: INDEX; Schema: public; Owner: postgres
--

CREATE INDEX auth_group_name_a6ea08ec_like ON public.auth_group USING btree (name varchar_pattern_ops);


--
-- Name: auth_group_permissions_group_id_b120cbf9; Type: INDEX; Schema: public; Owner: postgres
--

CREATE INDEX auth_group_permissions_group_id_b120cbf9 ON public.auth_group_permissions USING btree (group_id);


--
-- Name: auth_group_permissions_permission_id_84c5c92e; Type: INDEX; Schema: public; Owner: postgres
--

CREATE INDEX auth_group_permissions_permission_id_84c5c92e ON public.auth_group_permissions USING btree (permission_id);


--
-- Name: auth_permission_content_type_id_2f476e4b; Type: INDEX; Schema: public; Owner: postgres
--

CREATE INDEX auth_permission_content_type_id_2f476e4b ON public.auth_permission USING btree (content_type_id);


--
-- Name: auth_user_groups_group_id_97559544; Type: INDEX; Schema: public; Owner: postgres
--

CREATE INDEX auth_user_groups_group_id_97559544 ON public.auth_user_groups USING btree (group_id);


--
-- Name: auth_user_groups_user_id_6a12ed8b; Type: INDEX; Schema: public; Owner: postgres
--

CREATE INDEX auth_user_groups_user_id_6a12ed8b ON public.auth_user_groups USING btree (user_id);


--
-- Name: auth_user_user_permissions_permission_id_1fbb5f2c; Type: INDEX; Schema: public; Owner: postgres
--

CREATE INDEX auth_user_user_permissions_permission_id_1fbb5f2c ON public.auth_user_user_permissions USING btree (permission_id);


--
-- Name: auth_user_user_permissions_user_id_a95ead1b; Type: INDEX; Schema: public; Owner: postgres
--

CREATE INDEX auth_user_user_permissions_user_id_a95ead1b ON public.auth_user_user_permissions USING btree (user_id);


--
-- Name: auth_user_username_6821ab7c_like; Type: INDEX; Schema: public; Owner: postgres
--

CREATE INDEX auth_user_username_6821ab7c_like ON public.auth_user USING btree (username varchar_pattern_ops);


--
-- Name: django_admin_log_content_type_id_c4bce8eb; Type: INDEX; Schema: public; Owner: postgres
--

CREATE INDEX django_admin_log_content_type_id_c4bce8eb ON public.django_admin_log USING btree (content_type_id);


--
-- Name: django_admin_log_user_id_c564eba6; Type: INDEX; Schema: public; Owner: postgres
--

CREATE INDEX django_admin_log_user_id_c564eba6 ON public.django_admin_log USING btree (user_id);


--
-- Name: django_session_expire_date_a5c62663; Type: INDEX; Schema: public; Owner: postgres
--

CREATE INDEX django_session_expire_date_a5c62663 ON public.django_session USING btree (expire_date);


--
-- Name: django_session_session_key_c0390e0f_like; Type: INDEX; Schema: public; Owner: postgres
--

CREATE INDEX django_session_session_key_c0390e0f_like ON public.django_session USING btree (session_key varchar_pattern_ops);


--
-- Name: resume_valueproposition_role_type_5fa74ab6_like; Type: INDEX; Schema: public; Owner: postgres
--

CREATE INDEX resume_valueproposition_role_type_5fa74ab6_like ON public.resume_valueproposition USING btree (role_type varchar_pattern_ops);


--
-- Name: auth_group_permissions auth_group_permissio_permission_id_84c5c92e_fk_auth_perm; Type: FK CONSTRAINT; Schema: public; Owner: postgres
--

ALTER TABLE ONLY public.auth_group_permissions
    ADD CONSTRAINT auth_group_permissio_permission_id_84c5c92e_fk_auth_perm FOREIGN KEY (permission_id) REFERENCES public.auth_permission(id) DEFERRABLE INITIALLY DEFERRED;


--
-- Name: auth_group_permissions auth_group_permissions_group_id_b120cbf9_fk_auth_group_id; Type: FK CONSTRAINT; Schema: public; Owner: postgres
--

ALTER TABLE ONLY public.auth_group_permissions
    ADD CONSTRAINT auth_group_permissions_group_id_b120cbf9_fk_auth_group_id FOREIGN KEY (group_id) REFERENCES public.auth_group(id) DEFERRABLE INITIALLY DEFERRED;


--
-- Name: auth_permission auth_permission_content_type_id_2f476e4b_fk_django_co; Type: FK CONSTRAINT; Schema: public; Owner: postgres
--

ALTER TABLE ONLY public.auth_permission
    ADD CONSTRAINT auth_permission_content_type_id_2f476e4b_fk_django_co FOREIGN KEY (content_type_id) REFERENCES public.django_content_type(id) DEFERRABLE INITIALLY DEFERRED;


--
-- Name: auth_user_groups auth_user_groups_group_id_97559544_fk_auth_group_id; Type: FK CONSTRAINT; Schema: public; Owner: postgres
--

ALTER TABLE ONLY public.auth_user_groups
    ADD CONSTRAINT auth_user_groups_group_id_97559544_fk_auth_group_id FOREIGN KEY (group_id) REFERENCES public.auth_group(id) DEFERRABLE INITIALLY DEFERRED;


--
-- Name: auth_user_groups auth_user_groups_user_id_6a12ed8b_fk_auth_user_id; Type: FK CONSTRAINT; Schema: public; Owner: postgres
--

ALTER TABLE ONLY public.auth_user_groups
    ADD CONSTRAINT auth_user_groups_user_id_6a12ed8b_fk_auth_user_id FOREIGN KEY (user_id) REFERENCES public.auth_user(id) DEFERRABLE INITIALLY DEFERRED;


--
-- Name: auth_user_user_permissions auth_user_user_permi_permission_id_1fbb5f2c_fk_auth_perm; Type: FK CONSTRAINT; Schema: public; Owner: postgres
--

ALTER TABLE ONLY public.auth_user_user_permissions
    ADD CONSTRAINT auth_user_user_permi_permission_id_1fbb5f2c_fk_auth_perm FOREIGN KEY (permission_id) REFERENCES public.auth_permission(id) DEFERRABLE INITIALLY DEFERRED;


--
-- Name: auth_user_user_permissions auth_user_user_permissions_user_id_a95ead1b_fk_auth_user_id; Type: FK CONSTRAINT; Schema: public; Owner: postgres
--

ALTER TABLE ONLY public.auth_user_user_permissions
    ADD CONSTRAINT auth_user_user_permissions_user_id_a95ead1b_fk_auth_user_id FOREIGN KEY (user_id) REFERENCES public.auth_user(id) DEFERRABLE INITIALLY DEFERRED;


--
-- Name: django_admin_log django_admin_log_content_type_id_c4bce8eb_fk_django_co; Type: FK CONSTRAINT; Schema: public; Owner: postgres
--

ALTER TABLE ONLY public.django_admin_log
    ADD CONSTRAINT django_admin_log_content_type_id_c4bce8eb_fk_django_co FOREIGN KEY (content_type_id) REFERENCES public.django_content_type(id) DEFERRABLE INITIALLY DEFERRED;


--
-- Name: django_admin_log django_admin_log_user_id_c564eba6_fk_auth_user_id; Type: FK CONSTRAINT; Schema: public; Owner: postgres
--

ALTER TABLE ONLY public.django_admin_log
    ADD CONSTRAINT django_admin_log_user_id_c564eba6_fk_auth_user_id FOREIGN KEY (user_id) REFERENCES public.auth_user(id) DEFERRABLE INITIALLY DEFERRED;


--
-- PostgreSQL database dump complete
--

